{
  "MAE_mean": 0.012199034394008003,
  "MAE_lo": 0.011022186807270566,
  "MAE_hi": 0.013375881980745439,
  "RMSE_mean": 0.016519844699163334,
  "RMSE_lo": 0.014884440957546752,
  "RMSE_hi": 0.018155248440779915,
  "DA_mean": 50.362318840579704,
  "DA_lo": 46.81180730245322,
  "DA_hi": 53.91283037870619
}