{
  "metrics": {
    "MAE_mean": 0.011449459252043995,
    "MAE_lo": 0.010441709607725804,
    "MAE_hi": 0.012518504493698167,
    "RMSE_mean": 0.015783494495048442,
    "RMSE_lo": 0.014224876911706139,
    "RMSE_hi": 0.017449858891357153,
    "DA_mean": 49.658769931662874,
    "DA_lo": 45.3246013667426,
    "DA_hi": 54.441913439635535,
    "n_test": 439,
    "bootstrap_samples": 1000,
    "bootstrap_seed": 42
  },
  "meta": {
    "source": "outputs/multimodal_attention_fusion_preds.json",
    "input_kind": "single",
    "provided_metrics": {
      "MAE_mean": 0.01147850582582037,
      "MAE_lo": 0.010478664166328014,
      "MAE_hi": 0.012461741062603792,
      "RMSE_mean": 0.015851840479047856,
      "RMSE_lo": 0.014285613326345448,
      "RMSE_hi": 0.0174470633058129,
      "DA_mean": 49.65831435079727,
      "DA_lo": 44.86902050113895,
      "DA_hi": 54.21412300683372,
      "n_test": 439,
      "bootstrap_samples": 1000,
      "bootstrap_seed": 42
    }
  }
}